SKU,Product Name,Barcode
TTT-SOL-BLASOL-PLUS,Black Solid,914521239173
TTT-SOL-BUB-PLUS,Bubblegum,781866029006
TTT-SOL-TANSOL-PLUS,Tan Solid,911992499920
TTT-SOL-HOTPINSOL-PLUS,Hot Pink Solid,813013104098
TTT-SOL-BROSOL-PLUS,Brown Solid,589894410271
TTT-SOL-DARCHESOL-PLUS,Dark Cherry Solid,969693966304
TTT-SOL-WINWHISOL-PLUS,Winter White Solid,516397451594
TTT-SOL-CORALSOL-PLUS,Coral Orange,979078589275
TTT-SOL-NAVSOL-PLUS,Navy Solid,859730790996
TTT-SOL-ELEBLUSOL-PLUS,Electric Blue Solid,946514412926
TTT-SOL-CELGRE-PLUS,Celtic Green,181924469293
TTT-SOL-CHESOL-PLUS,Cherry Solid,163993722829
TTT-SOL-SMOGRESOL-PLUS,Smoke Grey Solid,771947788933
TTT-SOL-CHAGRE-PLUS,Chartreuse Green,383536577172
TTT-SOL-LOVLIL-PLUS,Lovely Lilac,117093920522
TTT-SOL-CARBLUSOL-PLUS,Carolina Blue Solid,685364801029
TTT-SOL-JUIPUR-PLUS,Juicy Purple,334602691269
,,
TTT-STR-GRNREDSTR-PLUS,Green & Red Spaced Stripes,749599539095
TTT-STR-WINGRESTR-PLUS,Winter Green Stripes,339373440004
TTT-STR-MIDFROSTR-PLUS,Midnight Frost Stripes,474963656981
TTT-STR-WITVIBSTR-PLUS,Witchy Vibes Stripes,375835333500
TTT-STR-LTPURWHISTR-PLUS,Light Purple & White Spaced Stripes,202891804543
TTT-STR-PEPSRI-PLUS,Peppermint Stripes,301794978631
TTT-STR-REDBLKSTR-PLUS,Red & Black Spaced Stripes,770807348471
TTT-STR-GOTCHISTR-PLUS,Gothic Chic Stripes,556844331777
TTT-STR-SUGRUSSTR-PLUS,Sugar Rush Stripes,568120372037
TTT-STR-EMEONYSTR-PLUS,Emerald Onyx Stripes,562299860847
TTT-STR-PUMSPISTR-PLUS,Pumpkin Spice Stripes,243458835252
TTT-STR-PNKWHISTR-PLUS,Pink & White Spaced Stripes,257898861714
,,
TTT-STR-ALLAMESTR-PLUS,All American Stripes,486202257729
TTT-STR-CANCANSTR-PLUS,Candy Cane Stripes,451794633858
TTT-STR-BLOBRESTR-PLUS,Blossom Breeze,220238002857
TTT-STR-WHIICEBLUSTR-PLUS,White and Ice Blue Stripes,849859177341
TTT-STR-CHRFESSTR-PLUS,Christmas Festive Stripes,228495975997
TTT-STR-WHIBLASTR-PLUS,White w/ Black stripes,747488211334
TTT-STR-NAVWHISTR-PLUS,Navy w/ White stripes,779603984129
TTT-STR-ELEBLUWHISTR-PLUS,Cyan w/ White stripes,620265227988
TTT-STR-CELGREWHISTR-PLUS,Celtic Green and White Stripes,691159113927
TTT-STR-TWLPOP-PLUS,Twilight Pop,767863219623
TTT-STR-BLAMULSTR-PLUS,Black and Multicolor Stripes,912424316794
TTT-STR-BLAHOTPINSTR-PLUS,Black w/ Pink stripes,258708600626
TTT-STR-BLAYELSTR-PLUS,Black and Yellow Stripes,518376245217
TTT-STR-BHMSTR-PLUS,BHM,410766019498
TTT-SOL-SOLGLO-PLUS,Solar Glow,828524933672
TTT-STR-NAVSILSTR-PLUS,Navy and Silver Stripes,298796165591
TTT-STR-CHEWHISTR-PLUS,Cherry and White Stripes,830188588524
TTT-STR-WHEWHISTR-PLUS,Wheat and White Stripes,306690883146
TTT-STR-BROWHISTR-PLUS,Brown w/ White stripes,261855963456
TTT-STR-WHTWGRTRSTR-PLUS,White and Green Stripes,245773425472
TTT-STR-CORWHTSTR-PLUS,Coral w/ White stripes,614910834271
TTT-STR-IMPPURWHISTR-PLUS,Imperial Purple and White Stripes,859314763025
TTT-STR-CARBLUWHISTR-PLUS,Carolina Blue and White Stripes,383597054856
TTT-STR-SMOGREWHISTR-PLUS,Smoke Grey and White Stripes,777900165574
TTT-STR-BLAWHISTR-PLUS,Black w/ White stripes,923226528633
TTT-STR-BUBGUMWHISTR-PLUS,Bubble Gum and White Stripes,597889783766
TTT-STR-DARCHEWHISTR-PLUS,Dark Cherry and White Stripes,760810056800
TTT-STR-HOTPINWHISTR-PLUS,Hot Pink w/ White stripes,244323359094
TTT-STR-ORABLASTR-PLUS,Orange and Black Stripes,600724752991
TTT-STR-BLAORGSTR-PLUS,Black and Orange Stripes,833130514591
TTT-STR-BLAREDSTR-PLUS,Black w/Red stripes,708520528666
TTT-STR-SMOGREBLASTR-PLUS,Smoke Grey w/Black Stripes,412085869198
TTT-SOL-ROYBLU-PLUS,Royal Blue solid,988073801738
TTT-STR-BLAGRYSTR-PLUS,Black w/Grey stripes,898713502851
TTT-STR-BLAPURSTR-PLUS,Black w/Purple stripes,832228011210
TTT-STR-RAISTR-PLUS,Black w/Rainbow Stripes,908142654732
TTT-STR-WHIGRESTR-PLUS,White and Green Stripes,420839705831
TTT-STR-BLAGRESTR-PLUS,Black and Green Stripes,220652402805
TTT-SOL-HEASOC-PLUS,Heart Socks,973545441690
TTT-SOL-SHASOC-PLUS,Shamrock Socks,125681758620
,,
TTT-SOL-PLUM-PLUS,Plum Solid,506953892220
TTT-SOL-PUMSOL-PLUS,Pumpkin Solid,896941814796
TTT-STR-PCHSTR-PLUS,PCH,162043405119
TTT-STR-CRANFRSTR-PLUS,Cranberry Frost,267220820653
TTT-STR-SNOWAN-PLUS,Snowy Angel,947267729446
TTT-STR-PATS-PLUS,Pats,827971804729
TTT-STR-SEA-PLUS,Seahawks,898983808419
,,
TTT-THN-BLASOLID-PLUS,Black solid (THN),543057641527
TTT-THN-WHISOLID-PLUS,White solid (THN),244419728553
TTT-THN-BLAWWHITESTRIPES-PLUS,Black w/ White stripes (THN),115202376618
TTT-THN-YEL-PLUS,Yellow (THN),527825588331
TTT-THN-BLAWREDSTRIPES-PLUS,Black w/Red stripes (THN),498693511657
TTT-THN-BLAWPNKSTRIPES-PLUS,Black w/Pink stripes (THN),290286220984
TTT-THN-HOTPINWHISTRIPES-PLUS,Hot Pink w/White stripes (THN),704326078374
,,
TTT-SOL-BLKSOL-SHORT,Black Solid (SHORT),111301877198
TTT-SOL-WHTSOL-SHORT,White Solid (SHORT),360261617661
TTT-STR-BWWHT-SHORT,Black and White Stripes (SHORT),143511060530